Date,Year,Month,Unemployment_Rate,CPI,Interest_Rate,Mortgage_Rate,ZHVI,GDP_Growth,Median_Household_Income,Population,Poverty_Rate,Marriage_Rate,Divorce_Rate
2000-01-01,2000,1,5.7,169.8,5.45,8.21,179200.9293,1.5,41220.0,572.046,17.5,3.9200000000000004,3.3600000000000008
2000-02-01,2000,2,5.7,171.5,5.73,8.325,179346.6336,1.5,41771.02815433016,572.046,17.5,3.9200000000000004,3.2000000000000006
2000-03-01,2000,3,5.7,173.2,5.85,8.24,179615.1761,6.89244083540085,42158.64746186508,572.046,17.5,4.41,3.2000000000000006
2000-04-01,2000,4,5.6,172.85,6.02,8.1525,180223.2337,8.594817136419756,42447.39324137697,572.046,17.5,4.9,3.0400000000000005
2000-05-01,2000,5,5.6,172.5,6.27,8.515,181147.5845,7.5,42614.01698458552,572.046,17.5,5.390000000000001,3.0400000000000005
2000-06-01,2000,6,5.6,173.65,6.53,8.288,182260.1663,4.859769874218148,42681.005719893576,572.046,17.5,6.370000000000001,3.0400000000000005
2000-07-01,2000,7,5.6,174.8,6.54,8.1475,183644.4525,2.112562833836227,42654.92962225873,572.046,17.5,6.86,3.2000000000000006
2000-08-01,2000,8,5.7,174.9,6.5,8.0275,185187.0921,0.4,42545.42906402762,572.046,17.5,5.88,3.2000000000000006
2000-09-01,2000,9,5.7,175.0,6.52,7.912000000000001,186771.6998,0.687335890554935,42363.58519979418,572.046,17.5,4.9,3.3600000000000008
2000-10-01,2000,10,5.7,175.15,6.51,7.795,188359.2,1.843024164282882,42129.73852508708,572.046,17.5,4.41,3.3600000000000008
2000-11-01,2000,11,5.8,175.3,6.51,7.745,189915.623,2.4,41839.67804044809,572.046,17.5,3.9200000000000004,3.2000000000000006
2000-12-01,2000,12,5.9,175.6,6.4,7.382,191629.4828,1.3237094853757143,41523.00935437982,572.046,17.5,3.9200000000000004,3.2000000000000006
2001-01-01,2001,1,5.9,175.9,5.98,7.0325,193160.2403,-0.44149252293947955,41170.0,574.504,18.1,4.960000000000001,3.045
2001-02-01,2001,2,6.0,176.55,5.49,7.05,194520.9875,-1.3,40802.34821072843,574.504,18.1,4.960000000000001,2.9
2001-03-01,2001,3,6.1,177.2,5.31,6.952,195901.4356,-0.3834282191640781,40467.41467694319,574.504,18.1,5.58,2.9
2001-04-01,2001,4,6.1,177.6,4.8,7.0775,197649.402,1.4620467189244857,40104.194376820065,574.504,18.1,6.2,2.755
2001-05-01,2001,5,6.2,178.0,4.21,7.145,199734.9308,2.5,39770.946628308404,574.504,18.1,6.820000000000001,2.755
2001-06-01,2001,6,6.3,178.6,3.97,7.159999999999999,201958.6422,1.6467258201229908,39456.83369369633,574.504,18.1,8.06,2.755
2001-07-01,2001,7,6.4,179.2,3.77,7.1275,204256.3119,-0.15684690766262438,39193.012952452475,574.504,18.1,8.68,2.9
2001-08-01,2001,8,6.6,180.05,3.65,6.95,206618.2835,-1.6,38973.27513401616,574.504,18.1,7.4399999999999995,2.9
2001-09-01,2001,9,6.8,180.9,3.07,6.8175,208946.9481,-1.5352523975531147,38818.84641451459,574.504,18.1,6.2,3.045
2001-10-01,2001,10,7.0,180.2,2.49,6.6175,211164.9599,-0.40933954535054573,38742.59394908746,574.504,18.1,5.58,3.045
2001-11-01,2001,11,7.1,179.5,2.09,6.6579999999999995,213353.9444,1.1,38750.81301889524,574.504,18.1,4.960000000000001,2.9
2001-12-01,2001,12,7.1,179.75,1.82,7.0649999999999995,215516.9554,2.287223708397974,38853.865390218176,574.504,18.1,4.960000000000001,2.9
2002-01-01,2002,1,7.2,180.0,1.73,6.9975,217459.5527,3.0790668051821743,39070.0,573.158,17.5,4.08,2.52
2002-02-01,2002,2,7.2,180.95,1.74,6.8925,219232.9986,3.4,39403.64117548161,573.158,17.5,4.08,2.4
2002-03-01,2002,3,7.1,181.9,1.73,7.014,221071.5565,3.293832723323349,39792.98250384589,573.158,17.5,4.59,2.4
2002-04-01,2002,4,7.1,182.75,1.75,6.985,223308.3493,2.913354483692658,40301.81169022914,573.158,17.5,5.1,2.28
2002-05-01,2002,5,7.0,183.6,1.75,6.806,225950.542,2.5,40852.60732075209,573.158,17.5,5.61,2.28
2002-06-01,2002,6,7.0,183.9,1.75,6.65,228891.8561,2.195746473374252,41461.329376013084,573.158,17.5,6.63,2.28
2002-07-01,2002,7,6.9,184.2,1.73,6.485,232110.2971,1.9468066059426046,42068.833776106905,573.158,17.5,7.139999999999999,2.4
2002-08-01,2002,8,6.8,185.0,1.74,6.29,235507.6467,1.6,42694.86108626995,573.158,17.5,6.119999999999999,2.4
2002-09-01,2002,9,6.8,185.8,1.75,6.0925,238817.3881,1.0931342484913023,43298.032792963604,573.158,17.5,5.1,2.52
2002-10-01,2002,10,6.8,185.6,1.75,6.1125,241876.6148,0.6460564677640951,43839.89570962816,573.158,17.5,4.59,2.52
2002-11-01,2002,11,6.9,185.4,1.34,6.068,244597.6219,0.5,44335.814302604755,573.158,17.5,4.08,2.4
2002-12-01,2002,12,7.0,185.85,1.24,6.0475,247188.8274,0.8352610933280993,44733.92213471617,573.158,17.5,4.08,2.4
2003-01-01,2003,1,7.0,186.3,1.24,5.9159999999999995,249443.0736,1.4722562599534283,45040.0,568.502,17.5,4.08,2.1
2003-02-01,2003,2,7.1,187.55,1.26,5.8425,251846.7985,2.1,45224.201759865886,568.502,17.5,4.08,2.0
2003-03-01,2003,3,7.2,188.8,1.25,5.745,254389.5635,2.4816332311052536,45293.90272626941,568.502,17.5,4.59,2.0
2003-04-01,2003,4,7.3,188.75,1.26,5.8125,257321.7312,2.898658237726699,45278.932830496175,568.502,17.5,5.1,1.9
2003-05-01,2003,5,7.3,188.7,1.26,5.484,260374.9591,3.6,45186.993208798856,568.502,17.5,5.61,1.9
2003-06-01,2003,6,7.4,189.45,1.22,5.23,263616.1065,4.804292025404748,45027.69564226091,568.502,17.5,6.63,1.9
2003-07-01,2003,7,7.4,190.2,1.01,5.6325,267014.2389,6.031708544096995,44826.38512588572,568.502,17.5,7.139999999999999,2.0
2003-08-01,2003,8,7.4,190.5,1.03,6.264,270414.6742,6.8,44585.382047778214,568.502,17.5,6.119999999999999,2.0
2003-09-01,2003,9,7.3,190.8,1.01,6.1475,273853.4797,6.6484025309919055,44326.855206336746,568.502,17.5,5.1,2.1
2003-10-01,2003,10,7.3,190.6,1.01,5.952,277296.3296,5.839691862761832,44075.216295787,568.502,17.5,4.59,2.1
2003-11-01,2003,11,7.3,190.4,1.0,5.9325,280583.8043,4.7,43829.4304779556,568.502,17.5,4.08,2.0
2003-12-01,2003,12,7.3,190.55,0.98,5.8759999999999994,283639.3743,3.632645364144345,43620.42263502615,568.502,17.5,4.08,2.0
2004-01-01,2004,1,7.4,190.7,1.0,5.7125,286402.0668,2.7649616127294383,43450.0,567.754,19.9,4.16,1.8900000000000001
2004-02-01,2004,2,7.6,191.75,1.01,5.635,289510.4273,2.3,43338.49582723196,567.754,19.9,4.16,1.8
2004-03-01,2004,3,7.8,192.8,1.0,5.445,293028.796,2.3204807176702946,43286.948502738385,567.754,19.9,4.680000000000001,1.8
2004-04-01,2004,4,7.9,193.45,1.0,5.83,297369.7285,2.6675803455506037,43284.361492878284,567.754,19.9,5.2,1.71
2004-05-01,2004,5,8.1,194.1,1.0,6.27,302469.561,3.1,43329.74436560356,567.754,19.9,5.720000000000001,1.71
2004-06-01,2004,6,8.2,194.75,1.03,6.2875,308384.999,3.45307643082959,43422.127890699005,567.754,19.9,6.760000000000001,1.71
2004-07-01,2004,7,8.3,195.4,1.26,6.056,315222.5496,3.6773087317810114,43551.72796930728,567.754,19.9,7.279999999999999,1.8
2004-08-01,2004,8,8.4,195.95,1.43,5.8675,322267.6722,3.8,43723.18985160536,567.754,19.9,6.24,1.8
2004-09-01,2004,9,8.4,196.5,1.61,5.754,329347.7588,3.842246871242885,43928.74873148327,567.754,19.9,5.2,1.8900000000000001
2004-10-01,2004,10,8.4,196.85,1.76,5.7225,335353.0355,3.9021458238187483,44156.27567098677,567.754,19.9,4.680000000000001,1.8900000000000001
2004-11-01,2004,11,8.3,197.2,1.93,5.73,340532.8113,4.1,44416.94437768585,567.754,19.9,4.16,1.8
2004-12-01,2004,12,8.2,197.7,2.16,5.752,345426.9585,4.4595436607568395,44690.11364423264,567.754,19.9,4.16,1.8
2005-01-01,2005,1,8.1,198.2,2.28,5.71,350658.7808,4.721432215772957,44990.0,567.136,18.9,3.28,2.1
2005-02-01,2005,2,7.9,199.3,2.5,5.6275,355935.373,4.5,45303.742692503285,567.136,18.9,3.28,2.0
2005-03-01,2005,3,7.7,200.4,2.63,5.928,361417.1738,3.703069780658831,45595.68684374742,567.136,18.9,3.69,2.0
2005-04-01,2005,4,7.5,201.1,2.79,5.855,367803.7324,2.619387024813697,45924.70286092179,567.136,18.9,4.1,1.9
2005-05-01,2005,5,7.2,201.8,3.0,5.72,375339.1994,2.0,46245.25070158636,567.136,18.9,4.51,1.9
2005-06-01,2005,6,7.0,202.3,3.04,5.582,383138.0612,2.240804762461953,46574.80135740167,567.136,18.9,5.33,1.9
2005-07-01,2005,7,6.7,202.8,3.26,5.695,390634.6477,2.86298648611217,46888.36141306701,567.136,18.9,5.739999999999999,2.0
2005-08-01,2005,8,6.6,204.2,3.5,5.82,397355.1817,3.2,47202.93600790964,567.136,18.9,4.919999999999999,2.0
2005-09-01,2005,9,6.4,205.6,3.62,5.774,403723.7529,2.769544343635219,47503.955647377785,567.136,18.9,4.1,2.1
2005-10-01,2005,10,6.3,204.95,3.78,6.065,409437.9529,2.173352341332087,47778.58575836722,567.136,18.9,3.69,2.1
2005-11-01,2005,11,6.3,204.3,4.0,6.33,414189.5885,2.2,48041.23615056013,567.136,18.9,3.28,2.0
2005-12-01,2005,12,6.2,204.95,4.16,6.272,418401.3373,3.3331525251349383,48271.22955469596,567.136,18.9,3.28,2.0
2006-01-01,2006,1,6.2,205.6,4.29,6.145,421962.8742,4.83458962669707,48480.0,570.681,19.6,3.2,2.205
2006-02-01,2006,2,6.2,206.0,4.49,6.2525,425445.939,5.5,48657.546028085286,570.681,19.6,3.2,2.1
2006-03-01,2006,3,6.3,206.4,4.59,6.324,428958.7791,4.674884633576658,48796.4213422829,570.681,19.6,3.6,2.1
2006-04-01,2006,4,6.3,207.75,4.79,6.5075,432150.4943,2.7980131378415973,48934.30696732792,570.681,19.6,4.0,1.9949999999999999
2006-05-01,2006,5,6.4,209.1,4.94,6.5975,434766.9483,1.0,49059.705094965146,570.681,19.6,4.4,1.9949999999999999
2006-06-01,2006,6,6.4,210.25,4.99,6.6819999999999995,436218.3492,0.005269207161224906,49189.34818527161,570.681,19.6,5.2,1.9949999999999999
2006-07-01,2006,7,6.4,211.4,5.24,6.7625,436993.9705,-0.07718623099153882,49322.886598753554,570.681,19.6,5.6,2.1
2006-08-01,2006,8,6.4,211.3,5.25,6.523999999999999,436981.835,0.6,49477.59548121095,570.681,19.6,4.8,2.1
2006-09-01,2006,9,6.4,211.2,5.25,6.4025,435540.019,1.8180648153231596,49657.8074776436,570.681,19.6,4.0,2.205
2006-10-01,2006,10,6.4,210.65,5.25,6.3575,433050.2928,2.9725327037965816,49864.59104676724,570.681,19.6,3.6,2.205
2006-11-01,2006,11,6.3,210.1,5.25,6.24,430698.6996,3.5,50120.10434475794,570.681,19.6,3.2,2.1
2006-12-01,2006,12,6.2,210.6005,5.24,6.135,429023.2547,2.9784874576350058,50415.87707356172,570.681,19.6,3.2,2.1
2007-01-01,2007,1,6.1,211.101,5.25,6.2175,427663.3343,1.934506898298846,50780.0,574.404,16.4,3.3600000000000003,1.785
2007-02-01,2007,2,6.1,212.778,5.26,6.285,426337.1538,1.2,51207.84854481894,574.404,16.4,3.3600000000000003,1.7
2007-03-01,2007,3,6.0,214.455,5.26,6.156000000000001,425111.6701,1.31335992464869,51638.72877499556,574.404,16.4,3.7800000000000002,1.7
2007-04-01,2007,4,5.9,215.276,5.25,6.18,424365.1654,1.9527354521548683,52149.49815333723,574.404,16.4,4.2,1.615
2007-05-01,2007,5,5.9,216.097,5.25,6.2620000000000005,423326.9745,2.5,52662.222499553405,574.404,16.4,4.620000000000001,1.615
2007-06-01,2007,6,5.9,216.6475,5.25,6.657500000000001,421307.2456,2.547233307156661,53194.72935524276,574.404,16.4,5.460000000000001,1.615
2007-07-01,2007,7,5.9,217.198,5.26,6.695,418495.149,2.3410399848877033,53697.00893643128,574.404,16.4,5.88,1.7
2007-08-01,2007,8,5.9,217.8275,5.02,6.572,415325.85,2.3,54186.19246704914,574.404,16.4,5.04,1.7
2007-09-01,2007,9,5.9,218.457,4.94,6.3825,412504.4743,2.6815443162781527,54628.425954141116,574.404,16.4,4.2,1.785
2007-10-01,2007,10,5.9,218.394,4.76,6.375,409290.3318,2.9707874754716097,54995.86461948003,574.404,16.4,3.7800000000000002,1.785
2007-11-01,2007,11,5.9,218.331,4.49,6.208,405767.7217,2.5,55296.650292606064,574.404,16.4,3.3600000000000003,1.7
2007-12-01,2007,12,6.0,219.459,4.24,6.095,401683.3338,0.941514170783304,55495.72294325902,574.404,16.4,3.3600000000000003,1.7
2008-01-01,2008,1,6.0,220.587,3.94,5.758,397719.1373,-0.8957975139624388,55590.0,580.236,17.2,3.28,2.835000000000001
2008-02-01,2008,2,6.1,221.5705,2.98,5.9175,393500.1881,-1.7,55560.97839740802,580.236,17.2,3.28,2.7000000000000006
2008-03-01,2008,3,6.2,222.554,2.61,5.97,388716.952,-0.7617567680213432,55436.34449372534,580.236,17.2,3.69,2.7000000000000006
2008-04-01,2008,4,6.3,223.5395,2.28,5.9175,383395.1045,1.1059710818108797,55220.39025025592,580.236,17.2,4.1,2.5650000000000004
2008-05-01,2008,5,6.4,224.525,1.98,6.036,377381.4165,2.4,54950.91572662951,580.236,17.2,4.51,2.5650000000000004
2008-06-01,2008,6,6.6,226.7215,2.0,6.32,371497.4404,2.106228371788458,54632.03685638641,580.236,17.2,5.33,2.5650000000000004
2008-07-01,2008,7,6.8,228.918,2.01,6.425999999999999,365518.7663,0.4599464186026516,54305.46281694236,580.236,17.2,5.739999999999999,2.7000000000000006
2008-08-01,2008,8,7.0,228.8945,2.0,6.4775,359862.0157,-2.1,53971.50290744985,580.236,17.2,4.919999999999999,2.7000000000000006
2008-09-01,2008,9,7.2,228.871,1.81,6.0375,354111.1163,-4.941677871198171,53663.54318892454,580.236,17.2,4.1,2.835000000000001
2008-10-01,2008,10,7.5,226.22,0.97,6.2,348798.4711,-7.271401842354028,53411.641914381114,580.236,17.2,3.69,2.835000000000001
2008-11-01,2008,11,7.9,223.569,0.39,6.0875,344137.8849,-8.5,53221.086567298764,580.236,17.2,3.28,2.7000000000000006
2008-12-01,2008,12,8.2,222.6995,0.16,5.286,340176.799,-8.071934455669401,53125.30738811512,580.236,17.2,3.28,2.7000000000000006
2009-01-01,2009,1,8.7,221.83,0.15,5.047499999999999,336087.9109,-6.476386210565677,53140.0,592.228,18.4,3.7600000000000002,2.835000000000001
2009-02-01,2009,2,9.0,222.23,0.22,5.13,332055.311,-4.5,53284.768698261076,592.228,18.4,3.7600000000000002,2.7000000000000006
2009-03-01,2009,3,9.4,222.63,0.18,5.0025,328194.4587,-2.9524114856114774,53513.58701839347,592.228,18.4,4.23,2.7000000000000006
2009-04-01,2009,4,9.7,223.1065,0.15,4.8100000000000005,324923.1032,-1.6216103474400245,53852.75866249666,592.228,18.4,4.7,2.5650000000000004
2009-05-01,2009,5,9.9,223.583,0.18,4.8575,322681.4509,-0.7,54244.384750633784,592.228,18.4,5.170000000000001,2.5650000000000004
2009-06-01,2009,6,10.1,224.8335,0.21,5.42,321127.1121,-0.05698186637402291,54690.55222014156,592.228,18.4,6.11,2.5650000000000004
2009-07-01,2009,7,10.3,226.084,0.16,5.2219999999999995,319827.1323,0.5240014111159563,55139.48217077418,592.228,18.4,6.58,2.7000000000000006
2009-08-01,2009,8,10.5,226.6325,0.16,5.1925,318318.9425,1.4,55597.08179736808,592.228,18.4,5.64,2.7000000000000006
2009-09-01,2009,9,10.6,227.181,0.15,5.0575,316574.9142,2.710712946865507,56023.86831405274,592.228,18.4,4.7,2.835000000000001
2009-10-01,2009,10,10.6,226.857,0.12,4.952,315311.0723,3.9069763854120034,56384.30275651732,592.228,18.4,4.23,2.835000000000001
2009-11-01,2009,11,10.6,226.533,0.12,4.875,314893.3633,4.4,56678.3926190537,592.228,18.4,3.7600000000000002,2.7000000000000006
2009-12-01,2009,12,10.6,226.9865,0.12,4.93,315539.9238,3.765498196999057,56864.17045993035,592.228,18.4,3.7600000000000002,2.7000000000000006
2010-01-01,2010,1,10.5,227.44,0.11,5.03,316887.8307,2.6141040811803085,56930.0,605.282,19.2,6.079999999999999,2.9399999999999995
2010-02-01,2010,2,10.3,227.96,0.13,4.99,317886.0594,1.9,56852.81693821923,605.282,19.2,6.079999999999999,2.7999999999999994
2010-03-01,2010,3,10.2,228.48,0.16,4.9675,319016.7695,2.2053924452108684,56679.35882923185,605.282,19.2,6.839999999999999,2.7999999999999994
2010-04-01,2010,4,10.0,228.554,0.2,5.098000000000001,320227.8258,3.1401961482164213,56402.83524150072,605.282,19.2,7.599999999999999,2.6599999999999993
2010-05-01,2010,5,9.8,228.628,0.2,4.8875,321763.9403,3.9,56080.76294075073,605.282,19.2,8.36,2.6599999999999993
2010-06-01,2010,6,9.7,228.53,0.18,4.7375,322434.8312,3.9565205880274887,55723.777382663655,605.282,19.2,9.879999999999999,2.6599999999999993
2010-07-01,2010,7,9.7,228.432,0.18,4.564,322084.358,3.5475035838822735,55385.643397336105,605.282,19.2,10.639999999999997,2.7999999999999994
2010-08-01,2010,8,9.7,229.522,0.19,4.4275,320918.043,3.1,55075.92566147794,605.282,19.2,9.119999999999997,2.7999999999999994
2010-09-01,2010,9,9.8,230.612,0.19,4.346,319669.9032,2.9342676566421746,54839.17920647464,605.282,19.2,7.599999999999999,2.9399999999999995
2010-10-01,2010,10,9.9,230.5715,0.19,4.225,318477.2927,2.7546905321922446,54710.61934722346,605.282,19.2,6.839999999999999,2.9399999999999995
2010-11-01,2010,11,9.9,230.531,0.19,4.3,317165.7462,2.1,54713.78236883935,605.282,19.2,6.079999999999999,2.7999999999999994
2010-12-01,2010,12,9.9,231.6505,0.18,4.714,316106.9567,0.7980836066330499,54879.19770918006,605.282,19.2,6.079999999999999,2.7999999999999994
2011-01-01,2011,1,10.0,232.77,0.17,4.755,315525.0564,-0.5351613422230421,55250.0,620.29,18.7,6.96,3.045
2011-02-01,2011,2,10.0,233.976,0.16,4.9525,315864.6676,-0.9,55843.715539134944,620.29,18.7,6.96,2.9
2011-03-01,2011,3,10.1,235.182,0.14,4.836,316179.838,0.11240475178988754,56545.844540933846,620.29,18.7,7.829999999999999,2.9
2011-04-01,2011,4,10.3,236.265,0.1,4.84,316345.4942,1.8011080321020447,57466.110645087545,620.29,18.7,8.7,2.755
2011-05-01,2011,5,10.4,237.348,0.09,4.6375,315796.5859,2.7,58459.37586217208,620.29,18.7,9.57,2.755
2011-06-01,2011,6,10.5,237.7695,0.09,4.51,315372.0061,1.9624451079464549,59548.80868108729,620.29,18.7,11.309999999999999,2.755
2011-07-01,2011,7,10.5,238.191,0.07,4.545,314542.3048,0.578397724401569,60622.91543651296,620.29,18.7,12.179999999999998,2.9
2011-08-01,2011,8,10.4,238.458,0.1,4.27,313643.9299,-0.1,61710.25405323831,620.29,18.7,10.44,2.9
2011-09-01,2011,9,10.3,238.725,0.08,4.106,312370.5162,0.9885823371511673,62730.89602822388,620.29,18.7,8.7,3.045
2011-10-01,2011,10,10.1,238.45,0.07,4.0675,311336.1321,2.9360893823422973,63613.44947334589,620.29,18.7,7.829999999999999,3.045
2011-11-01,2011,11,9.9,238.175,0.08,3.9925,311060.4104,4.6,64373.70209270668,620.29,18.7,6.96,2.9
2011-12-01,2011,12,9.8,238.5845,0.07,3.9579999999999997,311049.9643,4.953571873325849,64921.39765321535,620.29,18.7,6.96,2.9
2012-01-01,2012,1,9.6,238.994,0.08,3.915,311217.7884,4.342205038413022,65250.0,635.737,18.2,6.720000000000001,3.045
2012-02-01,2012,2,9.5,240.6145,0.1,3.89,311676.6584,3.4,65308.50634063951,635.737,18.2,6.720000000000001,2.9
2012-03-01,2012,3,9.3,242.235,0.13,3.9539999999999997,312705.9146,2.7051846934482393,65145.24038895644,635.737,18.2,7.5600000000000005,2.9
2012-04-01,2012,4,9.2,242.3405,0.14,3.91,314451.2365,2.185939425891915,64780.45291117506,635.737,18.2,8.4,2.755
2012-05-01,2012,5,9.1,242.446,0.16,3.7979999999999996,316114.6831,1.8,64281.85764906109,635.737,18.2,9.240000000000002,2.755
2012-06-01,2012,6,9.0,242.095,0.16,3.675,318086.7545,1.4257310195086024,63660.17579876192,635.737,18.2,10.920000000000002,2.755
2012-07-01,2012,7,8.8,241.744,0.16,3.55,319819.9353,1.0448075832176622,62997.596232522315,635.737,18.2,11.76,2.9
2012-08-01,2012,8,8.7,243.232,0.13,3.6019999999999994,321794.5603,0.6,62293.907859548024,635.737,18.2,10.08,2.9
2012-09-01,2012,9,8.6,244.72,0.14,3.4975,324046.7744,0.141326884519971,61615.56636630953,635.737,18.2,8.4,3.045
2012-10-01,2012,10,8.6,243.9595,0.16,3.3825000000000003,326561.4784,-0.015183995944623607,61025.78324967542,635.737,18.2,7.5600000000000005,3.045
2012-11-01,2012,11,8.6,243.199,0.16,3.3519999999999994,329115.6744,0.5,60529.20051549175,635.737,18.2,6.720000000000001,2.9
2012-12-01,2012,12,8.7,243.336,0.16,3.3449999999999998,331135.0109,1.8141298092389764,60199.936125286185,635.737,18.2,6.720000000000001,2.9
2013-01-01,2013,1,8.7,243.473,0.14,3.414,333049.3785,3.309555758372947,60060.0,651.559,18.9,8.640000000000002,2.9399999999999995
2013-02-01,2013,2,8.7,244.475,0.15,3.5324999999999998,335073.9136,4.0,60155.46623743822,651.559,18.9,8.640000000000002,2.7999999999999994
2013-03-01,2013,3,8.7,245.477,0.14,3.565,337081.3626,3.392923450629045,60428.44190640307,651.559,18.9,9.720000000000002,2.7999999999999994
2013-04-01,2013,4,8.6,245.488,0.15,3.4450000000000003,339152.4338,2.048275471488703,60907.922669075684,651.559,18.9,10.800000000000002,2.6599999999999993
2013-05-01,2013,5,8.5,245.499,0.11,3.536,341273.5877,1.1,61520.10362073863,651.559,18.9,11.880000000000004,2.6599999999999993
2013-06-01,2013,6,8.5,245.8385,0.09,4.07,343829.1332,1.2871157095630064,62274.61997285268,651.559,18.9,14.040000000000004,2.6599999999999993
2013-07-01,2013,7,8.5,246.178,0.09,4.37,346219.2072,2.271454643107848,63092.95005125811,651.559,18.9,15.120000000000003,2.7999999999999994
2013-08-01,2013,8,8.4,247.008,0.08,4.456,348527.5621,3.5,63998.47234253188,651.559,18.9,12.960000000000003,2.7999999999999994
2013-09-01,2013,9,8.3,247.838,0.08,4.49,350813.3873,4.362279071273131,64933.20343510887,651.559,18.9,10.800000000000002,2.9399999999999995
2013-10-01,2013,10,8.2,247.551,0.09,4.192,353336.1204,4.473263168988114,65835.42143401054,651.559,18.9,9.720000000000002,2.9399999999999995
2013-11-01,2013,11,8.1,247.264,0.08,4.255,355732.5599,3.5,66734.09735384696,651.559,18.9,8.640000000000002,2.7999999999999994
2013-12-01,2013,12,8.0,247.4715,0.09,4.4575,357797.7774,1.4529237692193964,67541.40890318592,651.559,18.9,8.640000000000002,2.7999999999999994
2014-01-01,2014,1,7.9,247.679,0.07,4.432,359406.2607,-0.6846351494622095,68280.0,663.603,17.7,9.440000000000003,2.7300000000000004
2014-02-01,2014,2,7.9,248.635,0.07,4.3025,360912.1484,-1.4,68896.71183221664,663.603,17.7,9.440000000000003,2.6
2014-03-01,2014,3,7.8,249.591,0.08,4.3425,362407.3791,0.007298242880904207,69351.28831817939,663.603,17.7,10.620000000000003,2.6
2014-04-01,2014,4,7.8,250.017,0.09,4.3375,364123.6571,2.8266067510526156,69750.35804244522,663.603,17.7,11.800000000000002,2.4699999999999998
2014-05-01,2014,5,7.8,250.443,0.09,4.192,365462.0554,5.3,70041.40807247655,663.603,17.7,12.980000000000004,2.4699999999999998
2014-06-01,2014,6,7.8,250.3845,0.1,4.1625,366351.4051,6.342136052172138,70253.58542014635,663.603,17.7,15.340000000000003,2.4699999999999998
2014-07-01,2014,7,7.7,250.326,0.09,4.13,366652.8046,6.067988002065309,70382.5280956146,663.603,17.7,16.520000000000003,2.6
2014-08-01,2014,8,7.7,250.48,0.09,4.115,366742.3365,5.0,70446.57595378326,663.603,17.7,14.160000000000002,2.6
2014-09-01,2014,9,7.6,250.634,0.09,4.1625,367215.2064,3.6642935797259586,70450.20000446762,663.603,17.7,11.800000000000002,2.7300000000000004
2014-10-01,2014,10,7.6,250.303,0.09,4.036,367840.5386,2.5472966487744086,70405.60500183306,663.603,17.7,10.620000000000003,2.7300000000000004
2014-11-01,2014,11,7.5,249.972,0.09,3.9975,368659.5225,2.0,70319.5616222414,663.603,17.7,9.440000000000003,2.6
2014-12-01,2014,12,7.4,248.5495,0.12,3.864,369115.6564,2.3040209185619265,70206.94792277274,663.603,17.7,9.440000000000003,2.6
2015-01-01,2015,1,7.4,247.127,0.11,3.67,369637.3507,3.045607646816674,70070.0,677.014,17.3,6.56,2.9399999999999995
2015-02-01,2015,2,7.3,248.556,0.11,3.71,370345.901,3.6,69922.43401439225,677.014,17.3,6.56,2.7999999999999994
2015-03-01,2015,3,7.2,249.985,0.11,3.77,371221.0943,3.5422684861402414,69789.98670239096,677.014,17.3,7.38,2.7999999999999994
2015-04-01,2015,4,7.2,250.905,0.12,3.6719999999999997,371706.0018,3.049753504346233,69655.68584059969,677.014,17.3,8.2,2.6599999999999993
2015-05-01,2015,5,7.0,251.825,0.12,3.84,371875.7278,2.5,69549.34998534435,677.014,17.3,9.02,2.6599999999999993
2015-06-01,2015,6,6.9,251.4085,0.13,3.9825,371937.2921,2.1400503443636785,69475.94831604915,677.014,17.3,10.66,2.6599999999999993
2015-07-01,2015,7,6.8,250.992,0.13,4.046,372421.9198,1.905979515617723,69451.75884555935,677.014,17.3,11.479999999999999,2.7999999999999994
2015-08-01,2015,8,6.8,251.684,0.14,3.9050000000000002,373162.3381,1.6,69487.22717895015,677.014,17.3,9.839999999999998,2.7999999999999994
2015-09-01,2015,9,6.7,252.376,0.14,3.89,374228.5809,1.128043035457529,69596.40675942777,677.014,17.3,8.2,2.9399999999999995
2015-10-01,2015,10,6.6,251.8515,0.12,3.7960000000000003,375544.3002,0.7333488690424617,69783.91660419256,677.014,17.3,7.38,2.9399999999999995
2015-11-01,2015,11,6.6,251.327,0.12,3.9425,376917.1222,0.7,70074.31560600328,677.014,17.3,6.56,2.7999999999999994
2015-12-01,2015,12,6.5,251.067,0.24,3.964,378175.4529,1.2013613781970394,70460.41076666619,677.014,17.3,6.56,2.7999999999999994
2016-01-01,2016,1,6.4,250.807,0.34,3.8725,379542.308,1.9089191902211435,70980.0,687.576,18.6,6.48,2.835000000000001
2016-02-01,2016,2,6.3,251.7625,0.38,3.66,380640.1057,2.3,71628.73296334222,687.576,18.6,6.48,2.7000000000000006
2016-03-01,2016,3,6.2,252.718,0.36,3.694,381141.6667,2.071468634653559,72338.30512602274,687.576,18.6,7.29,2.7000000000000006
2016-04-01,2016,4,6.1,253.784,0.37,3.605,381083.2877,1.5507436912144879,73185.8563730805,687.576,18.6,8.1,2.5650000000000004
2016-05-01,2016,5,6.1,254.85,0.37,3.6,380971.7109,1.3,74073.50055487955,687.576,18.6,8.91,2.5650000000000004
2016-06-01,2016,6,6.1,254.5775,0.38,3.568,381182.7186,1.6789785100636716,75039.10465440305,687.576,18.6,10.53,2.5650000000000004
2016-07-01,2016,7,6.2,254.305,0.39,3.44,381363.3422,2.3592942091742044,75999.97388488517,687.576,18.6,11.339999999999998,2.7000000000000006
2016-08-01,2016,8,6.2,253.909,0.4,3.435,381448.2139,2.9,76998.85689922128,687.576,18.6,9.719999999999999,2.7000000000000006
2016-09-01,2016,9,6.3,253.513,0.4,3.46,381719.5979,2.915620224331439,77982.16420617151,687.576,18.6,8.1,2.835000000000001
2016-10-01,2016,10,6.3,253.751,0.4,3.47,382767.7159,2.5905059923324263,78898.29987537897,687.576,18.6,7.29,2.835000000000001
2016-11-01,2016,11,6.3,253.989,0.41,3.77,384477.0333,2.2,79787.03032232067,687.576,18.6,6.48,2.7000000000000006
2016-12-01,2016,12,6.3,254.242,0.54,4.198,386548.6693,1.9956854697722688,80570.62035071998,687.576,18.6,6.48,2.7000000000000006
2017-01-01,2017,1,6.3,254.495,0.65,4.15,388436.9977,1.951651740128457,81280.0,697.079,16.6,6.56,2.625
2017-02-01,2017,2,6.2,254.965,0.66,4.1675,390336.3192,2.0,81872.68649523563,697.079,16.6,6.56,2.5
2017-03-01,2017,3,6.2,255.435,0.79,4.196,392001.9334,2.0689817290084074,82318.17662076463,697.079,16.6,7.38,2.5
2017-04-01,2017,4,6.2,255.4685,0.9,4.045,393462.7423,2.1690182088595025,82730.11842888562,697.079,16.6,8.2,2.375
2017-05-01,2017,5,6.2,255.502,0.91,4.01,394193.2368,2.3,83065.44159981594,697.079,16.6,9.02,2.375
2017-06-01,2017,6,6.1,255.51,1.04,3.904,394482.6655,2.48868273162061,83365.72119482444,697.079,16.6,10.66,2.375
2017-07-01,2017,7,6.1,255.518,1.15,3.9675000000000002,394455.2152,2.765532286181508,83629.98233827052,697.079,16.6,11.479999999999999,2.5
2017-08-01,2017,8,6.1,256.667,1.16,3.88,394742.5457,3.2,83895.0626229241,697.079,16.6,9.839999999999998,2.5
2017-09-01,2017,9,6.0,257.816,1.15,3.8049999999999997,395624.1547,3.7879645268540982,84171.55763572901,697.079,16.6,8.2,2.625
2017-10-01,2017,10,6.0,257.844,1.15,3.895,397023.0394,4.321464299286515,84468.6019734495,697.079,16.6,7.38,2.625
2017-11-01,2017,11,5.9,257.872,1.16,3.9219999999999997,398572.8671,4.6,84825.21877514041,697.079,16.6,6.56,2.5
2017-12-01,2017,12,5.9,259.0455,1.3,3.95,400273.7263,4.443947809105219,85236.79850666552,697.079,16.6,6.56,2.5
2018-01-01,2018,1,5.9,260.219,1.41,4.032500000000001,401989.6106,3.9502774230585596,85750.0,704.147,16.2,6.24,2.625
2018-02-01,2018,2,5.8,260.1225,1.42,4.33,403565.5454,3.3,86364.60352221348,704.147,16.2,6.24,2.5
2018-03-01,2018,3,5.8,260.026,1.51,4.444,405153.7041,2.726843016679755,86992.42434875183,704.147,16.2,7.02,2.5
2018-04-01,2018,4,5.8,260.898,1.69,4.4675,406342.4173,2.2545452375099213,87744.86893176516,704.147,16.2,7.8,2.375
2018-05-01,2018,5,5.7,261.77,1.7,4.586,407551.0947,2.1,88507.54758413343,704.147,16.2,8.58,2.375
2018-06-01,2018,6,5.6,261.893,1.82,4.57,408109.4326,2.308529373851471,89306.86367010286,704.147,16.2,10.14,2.375
2018-07-01,2018,7,5.5,262.016,1.91,4.5275,409138.9206,2.569313900950848,90067.85208092273,704.147,16.2,10.92,2.5
2018-08-01,2018,8,5.5,262.536,1.91,4.55,410082.8462,2.5,90816.80349806936,704.147,16.2,9.36,2.5
2018-09-01,2018,9,5.5,263.056,1.95,4.6274999999999995,411276.6794,1.8449875220665783,91502.89590696541,704.147,16.2,7.8,2.625
2018-10-01,2018,10,5.6,262.088,2.19,4.83,412197.4046,1.041684365971038,92083.3527228095,704.147,16.2,7.02,2.625
2018-11-01,2018,11,5.7,261.12,2.2,4.866,413131.4751,0.6,92572.42918741294,704.147,16.2,6.24,2.5
2018-12-01,2018,12,5.8,261.712,2.27,4.6375,414045.3448,0.9240981049863392,92915.175651468,704.147,16.2,6.24,2.5
2019-01-01,2019,1,5.9,262.304,2.4,4.464,414971.8353,1.7249277436140837,93110.0,708.253,15.5,6.24,2.52
2019-02-01,2019,2,5.9,263.2805,2.4,4.37,416331.117,2.5,93126.38303868278,708.253,15.5,6.24,2.4
2019-03-01,2019,3,5.8,264.257,2.41,4.265,418216.8862,2.863073576842426,93001.4572780276,708.253,15.5,7.02,2.4
2019-04-01,2019,4,5.7,265.112,2.42,4.1425,420273.776,3.071958320135889,92731.52222200131,708.253,15.5,7.8,2.28
2019-05-01,2019,5,5.6,265.967,2.39,4.072,421611.1555,3.4,92361.42384784498,708.253,15.5,8.58,2.28
2019-06-01,2019,6,5.4,265.5685,2.38,3.8024999999999998,422351.7296,4.066725595085123,91890.87028027927,708.253,15.5,10.14,2.28
2019-07-01,2019,7,5.4,265.17,2.4,3.765,422736.8341,4.684763030263626,91373.55820268983,708.253,15.5,10.92,2.4
2019-08-01,2019,8,5.3,265.335,2.13,3.6159999999999997,423334.4191,4.8,90799.38149290171,708.253,15.5,9.36,2.4
2019-09-01,2019,9,5.2,265.5,2.04,3.605,423945.0366,4.098633621696128,90209.71540786591,708.253,15.5,7.8,2.52
2019-10-01,2019,10,5.2,265.263,1.83,3.6879999999999997,424931.8218,3.191296330769456,89647.91771562136,708.253,15.5,7.02,2.52
2019-11-01,2019,11,5.2,265.026,1.55,3.6950000000000003,426383.9969,2.8,89100.91658634943,708.253,15.5,6.24,2.4
2019-12-01,2019,12,5.4,265.7295,1.55,3.72,428404.894,3.068124769002324,88627.34080419103,708.253,15.5,6.24,2.4
2020-01-01,2020,1,5.5,266.433,1.55,3.624,430919.5727,1.4270559153772213,88220.0,670.917,13.5,5.2,2.205
2020-02-01,2020,2,5.7,265.909,1.58,3.4650000000000003,433649.8075,-5.5,87916.08540567601,670.917,13.5,5.2,2.1
2020-03-01,2020,3,5.8,265.385,0.65,3.45,436430.5874,-17.789609810197856,87726.78617503656,670.917,13.5,5.8500000000000005,2.1
2020-04-01,2020,4,11.2,265.559,0.05,3.306,438740.4351,-29.10155012294439,87622.89442481393,670.917,13.5,6.5,1.9949999999999999
2020-05-01,2020,5,8.8,265.733,0.05,3.2325,439883.5358,-28.1,87616.2143231633,670.917,13.5,7.15,1.9949999999999999
2020-06-01,2020,6,8.6,266.51,0.08,3.1625,440122.6549,-8.543304630365558,87703.11665062224,670.917,13.5,8.450000000000001,1.9949999999999999
2020-07-01,2020,7,8.6,267.287,0.09,3.016,440610.2295,17.264345651148464,87874.94712286947,670.917,13.5,9.1,2.1
2020-08-01,2020,8,8.4,268.0375,0.1,2.935,442754.5165,35.2,88139.97722536909,670.917,13.5,7.8,2.1
2020-09-01,2020,9,8.4,268.788,0.09,2.89,446934.5789,32.97368930935817,88490.6771679751,670.917,13.5,6.5,2.205
2020-10-01,2020,10,8.1,268.744,0.09,2.834,452299.9788,18.92441552984651,88908.55213418034,670.917,13.5,5.8500000000000005,2.205
2020-11-01,2020,11,7.9,268.7,0.09,2.765,458210.922,4.4,89418.27657571282,670.917,13.5,5.2,2.1
2020-12-01,2020,12,7.7,269.6175,0.09,2.684,463821.8679,-0.6048965023145221,89983.91736218196,670.917,13.5,5.2,2.1
2021-01-01,2021,1,7.3,270.535,0.09,2.735,468895.496,1.4352158928582648,90640.0,669.256,16.5,5.84,2.7300000000000004
2021-02-01,2021,2,7.1,271.441,0.08,2.81,474112.3945,5.6,91364.98864329344,669.256,16.5,5.84,2.6
2021-03-01,2021,3,7.0,272.347,0.07,3.0825,479892.5812,7.574316659017612,92073.76651862526,669.256,16.5,6.57,2.6
2021-04-01,2021,4,7.1,274.0845,0.07,3.06,486381.9385,7.622978984872265,92911.78376931052,669.256,16.5,7.3,2.4699999999999998
2021-05-01,2021,5,7.1,275.822,0.06,2.9625,492964.0081,6.4,93769.7333818951,669.256,16.5,8.030000000000001,2.4699999999999998
2021-06-01,2021,6,7.3,277.4605,0.08,2.975,498709.6571,4.731624193669861,94698.01542136226,669.256,16.5,9.49,2.4699999999999998
2021-07-01,2021,7,7.1,279.099,0.1,2.868,502221.3841,3.5210406298763943,95630.23488513558,669.256,16.5,10.219999999999999,2.6
2021-08-01,2021,8,7.0,280.016,0.09,2.8425000000000002,503447.5223,3.5,96621.74316161095,669.256,16.5,8.76,2.6
2021-09-01,2021,9,6.6,280.933,0.08,2.9,502877.4031,5.115481012579353,97635.02081173674,669.256,16.5,7.3,2.7300000000000004
2021-10-01,2021,10,6.5,282.5865,0.08,3.0675,502748.9873,6.958854913617443,98629.76209785676,669.256,16.5,6.57,2.7300000000000004
2021-11-01,2021,11,6.3,284.24,0.08,3.0675,503545.5431,7.4,99665.48652985661,669.256,16.5,5.84,2.6
2021-12-01,2021,12,6.1,285.459,0.08,3.098,505693.3879,5.304387169290903,100668.86733789975,669.256,16.5,5.84,2.6
2022-01-01,2022,1,6.0,286.678,0.08,3.4450000000000003,509623.5527,1.833564603670604,101700.0,676.725,13.3,6.640000000000001,2.1
2022-02-01,2022,2,5.6,289.4525,0.08,3.7625,515576.3775,-1.0,102718.4371469942,676.725,13.3,6.640000000000001,2.0
2022-03-01,2022,3,5.2,292.227,0.2,4.172,523506.9181,-1.7344356399744867,103621.59530276852,676.725,13.3,7.470000000000001,2.0
2022-04-01,2022,4,4.9,294.393,0.33,4.9825,531336.8681,-0.9971608698467622,104596.57752787566,676.725,13.3,8.3,1.9
2022-05-01,2022,5,4.7,296.559,0.77,5.2299999999999995,537820.2237,0.3,105508.78934682245,676.725,13.3,9.13,1.9
2022-06-01,2022,6,4.4,298.248,1.21,5.522,541463.343,1.4029708973638868,106412.24830501634,676.725,13.3,10.790000000000001,1.9
2022-07-01,2022,7,4.2,299.937,1.68,5.4125,541420.8361,2.155116385361411,107242.1608889953,676.725,13.3,11.620000000000001,2.0
2022-08-01,2022,8,4.0,299.6025,2.33,5.2225,538237.8309,2.7,108047.05802850224,676.725,13.3,9.96,2.0
2022-09-01,2022,9,4.2,299.268,2.56,6.112,533680.0303,3.086229908096529,108791.50438220795,676.725,13.3,8.3,2.1
2022-10-01,2022,10,4.4,299.6765,3.08,6.9,530563.7496,3.3172828402783026,109447.80180613347,676.725,13.3,7.470000000000001,2.1
2022-11-01,2022,11,4.6,300.085,3.78,6.805,528874.8778,3.4,110052.90688601811,676.725,13.3,6.640000000000001,2.0
2022-12-01,2022,12,4.8,299.617,4.1,6.364,528214.7204,3.3268638590862953,110561.27474571014,676.725,13.3,6.640000000000001,2.0
2023-01-01,2023,1,4.9,299.149,4.33,6.2725,527444.8263,3.116557299962465,111000.0,687.324,14.0,6.640000000000001,2.0
2023-02-01,2023,2,5.0,301.0395,4.57,6.2575,527180.8241,2.8,111000.0,687.324,14.0,6.640000000000001,2.0
2023-03-01,2023,3,5.0,302.93,4.65,6.544,527312.913,2.4740711367104042,111000.0,687.324,14.0,6.640000000000001,2.0
2023-04-01,2023,4,4.9,304.272,4.83,6.342499999999999,528835.5017,2.2541879813135246,111000.0,687.324,14.0,6.640000000000001,2.0
2023-05-01,2023,5,4.8,305.614,5.06,6.425,531386.0727,2.4,111000.0,687.324,14.0,6.640000000000001,2.0
2023-06-01,2023,6,4.8,305.4435,5.08,6.714,535015.8566,3.0411195252729,111000.0,687.324,14.0,6.640000000000001,2.0
2023-07-01,2023,7,4.7,305.273,5.12,6.84,538369.9319,3.83173840458668,111000.0,687.324,14.0,6.640000000000001,2.0
2023-08-01,2023,8,4.8,307.2635,5.33,7.072,541092.1099,4.4,111000.0,687.324,14.0,6.640000000000001,2.0
2023-09-01,2023,9,4.9,309.254,5.33,7.2,542823.0957,4.392106832346403,111000.0,687.324,14.0,6.640000000000001,2.0
2023-10-01,2023,10,4.9,308.8365,5.33,7.62,543956.7178,3.9332851305349963,111000.0,687.324,14.0,6.640000000000001,2.0
2023-11-01,2023,11,4.9,308.419,5.33,7.442,544611.6851,3.2,111000.0,687.324,14.0,6.640000000000001,2.0
2023-12-01,2023,12,4.9,309.19,5.33,6.815,545170.4606,2.440063361125832,111000.0,687.324,14.0,6.640000000000001,2.0
2024-01-01,2024,1,5.0,309.961,5.33,6.6425,545590.1366,1.822185982453911,111000.0,702.25,14.0,6.640000000000001,2.0
2024-02-01,2024,2,5.1,311.5345,5.33,6.776000000000001,547027.7772,1.6,111000.0,702.25,14.0,6.640000000000001,2.0
2024-03-01,2024,3,5.2,313.108,5.33,6.82,550052.6867,1.875120998734086,111000.0,702.25,14.0,6.640000000000001,2.0
2024-04-01,2024,4,5.2,314.3875,5.33,6.9925,554222.2106,2.459772758492516,111000.0,702.25,14.0,6.640000000000001,2.0
2024-05-01,2024,5,5.3,315.667,5.33,7.06,557647.4891,3.0,111000.0,702.25,14.0,6.640000000000001,2.0
2024-06-01,2024,6,5.4,316.056,5.33,6.9175,559326.8876,3.2735250708863664,111000.0,702.25,14.0,6.640000000000001,2.0
2024-07-01,2024,7,5.5,316.445,5.33,6.8475,559887.9247,3.2788216395142302,111000.0,702.25,14.0,6.640000000000001,2.0
2024-08-01,2024,8,5.7,316.9135,5.33,6.5,560405.84,3.1,111000.0,702.25,14.0,6.640000000000001,2.0
2024-09-01,2024,9,5.7,317.382,5.13,6.18,561833.1091,2.81899263269749,111000.0,702.25,14.0,6.640000000000001,2.0
2024-10-01,2024,10,5.7,317.0635,4.83,6.428,563909.3632,2.5308109404557886,111000.0,702.25,14.0,6.640000000000001,2.0
2024-11-01,2024,11,5.6,316.745,4.64,6.805,566215.4795,2.3,111000.0,702.25,14.0,6.640000000000001,2.0
2024-12-01,2024,12,5.5,316.745,4.48,6.715,568278.8509,2.3,111000.0,702.25,14.0,6.640000000000001,2.0
